id,nome_partido,numero_candidato,nome_candidato,nome_urna_candidato,cargos,fk_idcargo,sq_candidato
25,DEMOCRATA,3510,ADEGILSON ROBSON DOS SANTOS,PASTOR ROBSON,Deputal Federal,4,150002538672
400,SOLIDARIEDADE,7777,ADRIANA BRITO ALMEIDA,ADRIANA ALMEIDA,Deputal Federal,4,150002549769
386,REPUBLICANOS,10444,ADRIANO CEZAR GALDINO DE ARAUJO,ADRIANO GALDINO,Deputado Estadual,5,150002544180
102,PCO,290,ADRIANO TRAJANO DA CONCEIÇÃO,ADRIANO TRAJANO,Senador,3,150002552607
346,REDE,1822,AGLAIR PEREIRA DA SILVA,SARGENTO AGLAIR,Deputal Federal,4,150002553633
206,PP,1111,AGUINALDO VELLOSO BORGES RIBEIRO,AGUINALDO RIBEIRO,Deputal Federal,4,150002549636
305,PSOL,50333,AKALINE DIAS DA SILVA,KALINE,Deputado Estadual,5,150002549752
181,PL,22622,ALAN GEORGE MENDES SOARES,ALAN DE BASTOS,Deputado Estadual,5,150002541195
160,PL,22077,ALEXANDRE ANTONIO BEZERRA DE MEDEIROS,ALEXANDRE REI DOS TERRENOS,Deputado Estadual,5,150002541181
341,REDE,1800,ALEXANDRE FERNANDES DA SILVA,ALEXANDRE FERNANDES,Deputal Federal,4,150002550474
152,PL,2277,ALEXANDRE PEREIRA DA SILVA,ALEXANDRE DO SINDICATO,Deputal Federal,4,150002538449
140,PL,2200,ALEXANDRO FREITAS DE FIGUEIREDO,ALEXANDRO COCO SECO,Deputal Federal,4,150002538447
308,PT,1300,ALEXSANDRA CARNEIRO DE ANDRADE,ÁLEX ANDRADE,Deputal Federal,4,150002544168
20,DC,2755,ALEXSANDRO DA SILVA,SANDRO DE SANTA RITA,Deputal Federal,4,150002553618
192,PODE,2007,ALINE DOS SANTOS VALDEVINO,ALINE MARKINNA,Deputal Federal,4,150002554302
73,MISSÃO,1477,ALINE OLIVEIRA DA SILVA,ALINE GREY,Deputal Federal,4,150002536468
156,PL,22007,ALINE ROSA DA SILVA,CAPITÃ ALINE,Deputado Estadual,5,150002541206
303,PSOL,50123,ALINEIDE DE SOUSA GOMES,NEIDINHA,Deputado Estadual,5,150002549751
111,PDT,1217,ALLANA RODRIGUES CIRILO,ALLANA RODRIGUES,Deputal Federal,4,150002553921
195,PODE,2012,AMANDA DE MELO BEZERRA,AMANDA CSI,Deputal Federal,4,150002533575
5,AVANTE,7030,AMARA CRISTINA DOS SANTOS,CRISTINA DE JOÃO BODIN,Deputal Federal,4,150002553393
63,MDB,15678,ANA CLAUDIA OLIVEIRA DA NOBREGA VITAL DO REGO,ANA CLÁUDIA,Deputado Estadual,5,150002540233
315,PT,1398,ANA LUIZA BERNARDO DA SILVA,LUIZA BERNARDO,Deputal Federal,4,150002544175
322,PT,13206,ANA MARIA DA SILVA ARAÚJO,ANA ARAÚJO,Deputado Estadual,5,150002544159
27,DEMOCRATA,3512,ANA ZÉLIA GOMES DE SOUSA,ANA ZÉLIA,Deputal Federal,4,150002538694
336,PV,43147,ANDERSON MONTEIRO COSTA,ANDERSON MONTEIRO,Deputado Estadual,5,150002544152
146,PL,2233,ANDRÉ AUGUSTO CASTRO DO AMARAL FILHO,ANDRÉ AMARAL FILHO,Deputal Federal,4,150002538452
34,MDB,151,ANDRE AVELINO DE PAIVA GADELHA NETO,ANDRÉ GADELHA,Senador,3,150002544909
129,PDT,12321,ANDRÉ LUIZ BARBOSA BEZERRA DE LIMA,"DR, ANDRÉ LIMA",Deputado Estadual,5,150002551591
130,PDT,12321,ANDRÉ LUIZ BARBOSA BEZERRA DE LIMA JÚNIOR,ANDRÉ LIMA JÚNIOR,Deputado Estadual,5,150002554486
180,PL,22555,ANDRÉ LUIZ GOMES DE ARAÚJO,ANDRÉ GOMES,Deputado Estadual,5,150002541185
245,PP,11999,ANDRÉ VICTOR DA SILVA MATIAS,ANDRÉ MATIAS,Deputado Estadual,5,150002548948
85,NOVO,3007,ANDREA DO CARMO ARAUJO,ANDREA ARAUJO,Deputal Federal,4,150002548922
300,PSOL,5050,ANDREA KARLA DA SILVA MIRANDA,ANDRÉA MIRANDA,Deputal Federal,4,150002550466
355,REDE,18691,ANELY MONICA SOARES ALVES,ANELY MÔNICA,Deputado Estadual,5,150002549753
265,PSB,40013,ANISIO SOARES MAIA,ANÍSIO MAIA,Deputado Estadual,5,150002544670
228,PP,11211,ANNA LORENA LEITE NÓBREGA LAGO,LORENA,Deputado Estadual,5,150002548955
1,AVANTE,7000,ANTONIO ALIXANDRE MARACAJA PIRES,CORONEL ALIXANDRE,Deputal Federal,4,150002553966
55,MDB,15333,ANTONIO ARAUJO DO NASCIMENTO,TOINHO NASCIMENTO,Deputado Estadual,5,150002540240
397,SOLIDARIEDADE,7722,ANTONIO FÁBIO SOARES CARNEIRO,FÁBIO CARNEIRO,Deputal Federal,4,150002549764
44,MDB,15123,ANTONIO HERVAZIO BEZERRA CAVALCANTI,HERVAZIO BEZERRA,Deputado Estadual,5,150002540238
47,MDB,15152,ANTONIO NOSMAN BARREIRO PAULO,NOSMAN,Deputado Estadual,5,150002540241
218,PP,11083,ANTONIO PAULO DE OLIVEIRA FERREIRA,PAULO FERREIRA,Deputado Estadual,5,150002548962
38,MDB,15015,ANTONIO RONISMAR DE ANDRADE,PROFESSOR RONI ANDRADE,Deputado Estadual,5,150002540232
183,PL,22770,ARLISON BARBOSA DE OLIVEIRA,PROFESSOR ARLISON,Deputado Estadual,5,150002541183
22,DC,2777,ARQUELAU DE SOUZA CAMARA,KEL SOUZA,Deputal Federal,4,150002553623
133,PDT,12444,ASTRONADC PEREIRA DE MORAES,CAPITÃO PEREIRA,Deputado Estadual,5,150002551587
392,REPUBLICANOS,10888,ATAIDES MENDES PEDROSA,BRANCO MENDES,Deputado Estadual,5,150002544187
331,PV,43000,ATHAIDE GONCALVES DINIZ,"DR, ATHAIDE",Deputado Estadual,5,150002544158
333,PV,43111,BRUNA THAISE ALVES DE MORAIS,BRUNA MORAIS,Deputado Estadual,5,150002544146
339,PV,43777,BRUNO AUGUSTO DERIU,"DR, BRUNO DERIU",Deputado Estadual,5,150002544153
52,MDB,15222,CAIO FIGUEIREDO ROBERTO,CAIO ROBERTO,Deputado Estadual,5,150002540235
373,REPUBLICANOS,1088,CAIO MARCIO ANGELO DE SOUSA,POLICIAL CAIO,Deputal Federal,4,150002544211
41,MDB,15111,CAMILA ARAÚJO TOSCANO,CAMILA TOSCANO,Deputado Estadual,5,150002540243
101,PCO,29,CAMILO SOBREIRA DUARTE FILHO,CAMILO DUARTE,Governador,2,150002552603
60,MDB,15650,CARLOS CLESIO SILVA DE ARAUJO,CARLINHOS DE NIAS,Deputado Estadual,5,150002540236
150,PL,2266,CARLOS DANIEL SOUSA DE PONTES,DANIEL CONHECE,Deputal Federal,4,150002538456
209,PP,1123,CARLOS GUSTAVO GOMES DE OLIVEIRA,GUGA PET,Deputal Federal,4,150002549639
184,PL,22777,CARLOS HENRIQUE DA COSTA SANTOS,CARLÃO PELO BEM,Deputado Estadual,5,150002541196
258,PSB,4022,CARLOS JOSE SABINO DOS SANTOS,REPÓRTER CARLOS SANTOS,Deputal Federal,4,150002544609
263,PSB,40000,CARLOS TIBERIO LIMEIRA SANTOS FERNANDES,TIBERIO LIMEIRA,Deputado Estadual,5,150002544655
149,PL,2255,CAROLINA FARIAS ALMEIDA GOMES,CAROL GOMES,Deputal Federal,4,150002538454
369,REPUBLICANOS,1044,CÁSSIO MURILLO GALDINO DE ARAÚJO,MURILO GALDINO,Deputal Federal,4,150002544203
70,MISSÃO,1414,CATARINA NEVES DE SOUZA,CATARINA NEVES,Deputal Federal,4,150002536471
90,NOVO,3044,CATARINA ROCHA DE ALMEIDA,CATARINA ROCHA,Deputal Federal,4,150002548921
347,REDE,1833,CATIER FERREIRA DE LIMA,CATIER FERREIRA,Deputal Federal,4,150002550467
212,PP,1166,CICERA DA NOBREGA SILVA,CICINHA,Deputal Federal,4,150002549645
33,MDB,15,CICERO DE LUCENA FILHO,CÍCERO LUCENA,Governador,2,150002544133
378,REPUBLICANOS,10144,CICERO ROBSON FIGUEIREDO FERREIRA LIMA,CICINHO LIMA,Deputado Estadual,5,150002544188
358,REDE,18800,CÍCERO SIMPLÍCIO SILVA,CÍCERO SIMPLÍCIO,Deputado Estadual,5,150002549746
187,PL,22878,CLÁUDIO RODRIGUES DE SOUSA,CLÁUDIO O SERVENTE DE OBRAS,Deputado Estadual,5,150002541182
419,UP,80800,CLEBER GORDIANO DOS SANTOS,"PROF, CLEBER",Deputado Estadual,5,150002540200
356,REDE,18777,CLEONICE SOARES DA COSTA,NICE COSTA,Deputado Estadual,5,150002549744
161,PL,22088,CLOVES PINHEIRO DE ABREU JUNIOR,CLOVES MALVINAS,Deputado Estadual,5,150002541174
253,PSB,4001,CRISTIANA MARIA AROUCHA LIMA FURTADO,CRIS FURTADO,Deputal Federal,4,150002544602
344,REDE,1818,CRISTINA MAURICIO DE OLIVEIRA,CRISTINA GUERREIRA,Deputal Federal,4,150002550469
385,REPUBLICANOS,10404,CRISTOVAO FERREIRA LUCAS,CORONEL LUCAS,Deputado Estadual,5,150002544183
405,UNIÃO,4444,DAMIÃO FELICIANO DA SILVA,DR° DAMIÃO,Deputal Federal,4,150002549638
10,AVANTE,7080,DANIEL DA SILVA TRIGUEIRO,DANIEL TRIGUEIRO,Deputal Federal,4,150002553394
406,UNIÃO,44111,DANIEL GOMES DA SILVA,DANIEL GOMES,Deputado Estadual,5,150002548930
186,PL,22822,DANIEL MANOEL SOBRINHO,DANIEL SOBRINHO,Deputado Estadual,5,150002541178
276,PSB,40444,DANIEL SOARES DA COSTA,DANIEL DA SAÚDE,Deputado Estadual,5,150002544651
387,REPUBLICANOS,10456,DANIELLE DO NASCIMENTO RODRIGUES PESSOA,DANIELLE DO VALE,Deputado Estadual,5,150002544197
87,NOVO,3022,DANILLO RAMALHO LEITE,"DR, DANILLO RAMALHO",Deputal Federal,4,150002548399
9,AVANTE,7070,DANILO ILTON DE SOUSA,DANILO ILTON,Deputal Federal,4,150002553392
110,PDT,1215,DEMOCRITO MEDEIROS DE OLIVEIRA,MOCA MEDEIROS,Deputal Federal,4,150002552382
119,PDT,12000,DENISE RIBEIRO DA SILVA,DENISE RIBEIRO,Deputado Estadual,5,150002551585
88,NOVO,3030,DIEGO BRAYTNNER LIMA DA SILVA,DIEGO BRAYTNNER,Deputal Federal,4,150002548394
274,PSB,40400,DIVANERE LIMA FERNANDES,DIVA,Deputado Estadual,5,150002544653
83,NOVO,3001,DJANEIDE ALMEIDA DE QUEIROZ,DJANEIDE ALMEIDA,Deputal Federal,4,150002548397
227,PP,11200,EDANIELLE DE ALENCAR,DANE ALENCAR,Deputado Estadual,5,150002548964
328,PT,13613,EDILEUDO DE LUCENA MEDEIROS,PROFESSOR EDILEUDO LUCENA,Deputado Estadual,5,150002544160
89,NOVO,3033,EDILSON BERNARDO DA SILVA,TC EDILSON BERNARDO,Deputal Federal,4,150002548391
220,PP,11111,EDJANE SILVA ALVINO PANTA,DRª JANE PANTA,Deputado Estadual,5,150002548965
301,PSOL,5055,EDNALDO MENDES DIAS,EDINHO MENDES,Deputal Federal,4,150002550476
50,MDB,15192,EDSON CRISPIM DA SILVA,SUBTENENTE CRISPIM,Deputado Estadual,5,150002540237
343,REDE,1813,EDUARDA DE ARAUJO ALMEIDA,EDUARDA ALMEIDA,Deputal Federal,4,150002550471
281,PSB,40777,EDUARDO CARNEIRO DE BRITO,EDUARDO BRITO,Deputado Estadual,5,150002544667
233,PP,11333,EDUARDO JORGE SOARES CARNEIRO,EDUARDO CARNEIRO,Deputado Estadual,5,150002548950
72,MISSÃO,1444,EDUARDO WILLIAM QUEIROZ TENÓRIO DE SOUZA,EDUARDO WILLIAM,Deputal Federal,4,150002536466
138,PL,22,EFRAIM DE ARAUJO MORAIS FILHO,EFRAIM FILHO,Governador,2,150002538692
118,PDT,1267,ELAINE KARLA FERNANDES CARDOSO DOS SANTOS,SARGENTO KARLA,Deputal Federal,4,150002554304
127,PDT,12247,ELAINE KARLA FERNANDES CARDOSO DOS SANTOS,ELAINE KARLA,Deputado Estadual,5,150002554304
86,NOVO,3012,ELENILDO FERREIRA FLOR,NILDO TERRA BOA,Deputal Federal,4,150002548393
354,REDE,18456,ELIEZER BENÍCIO DE LIMA,ELIEZER BENÍCIO,Deputado Estadual,5,150002549741
204,PP,1100,ELIZA VIRGINIA DE SOUZA FERNANDES,ELIZA,Deputal Federal,4,150002549640
250,PRD,2599,ELIZIANA DINIZ DE LACERDA CALIL MANSUR,ELI MANSUR,Deputal Federal,4,150002549767
66,MDB,15888,EMANUELE FERNANDES DE SOUZA,MANU DE SOUZA,Deputado Estadual,5,150002540231
207,PP,1112,EMERSON FERNANDES ALVINO PANTA,DR° EMERSON PANTA,Deputal Federal,4,150002549644
11,AVANTE,7090,EMERSON PEREIRA DE LIMA,MISSINHO DO BODE,Deputal Federal,4,150002553964
84,NOVO,3003,EMERSON WALLACE CAMPOS SOARES,EMERSON WALLACE,Deputal Federal,4,150002548395
132,PDT,12345,ERICO DJAN CORTE DE ALENCAR,"DR, ERICO",Deputado Estadual,5,150002551588
113,PDT,1234,ERIKA DA ROCHA VON SOHSTEN,ERIKA VON SOHSTEN,Deputal Federal,4,150002552376
6,AVANTE,7040,ETIVALDO AZEVEDO BANDEIRA,SARGENTO ETIVALDO,Deputal Federal,4,150002553963
126,PDT,12223,EUNICE NERI DA SILVA,MORENA,Deputado Estadual,5,150002551595
382,REPUBLICANOS,10193,EURES PESSOA E SILVA,CAPITÃO MARADONA,Deputado Estadual,5,150002544192
117,PDT,1267,EVILLIANE LINS TENORIO,EVILIANE LINS,Deputal Federal,4,150002552387
128,PDT,12247,EVILLIANE LINS TENÓRIO,EVILLIANE LINS,Deputado Estadual,5,150002554303
178,PL,22500,FABIANO SOARES BATISTA,FABIANO SOARES,Deputado Estadual,5,150002541176
154,PL,22000,FÁBIO NÓBREGA LOPES,FÁBIO LOPES,Deputado Estadual,5,150002541192
57,MDB,15555,FABIO RAMALHO DA SILVA,FÁBIO RAMALHO,Deputado Estadual,5,150002540246
81,NOVO,300,FÁBIO RODRIGUES DE OLIVEIRA,MAJOR FÁBIO,Senador,3,150002548968
259,PSB,4040,FABIO TYRONE BRAGA DE OLIVEIRA,FÁBIO TYRONE,Deputal Federal,4,150002544604
239,PP,11555,FABÍOLA LEVI MEIRA,FABIOLA REZENDE,Deputado Estadual,5,150002548938
349,REDE,1899,FELIPE ANDERSON FERNANDES,BOCA,Deputal Federal,4,150002550468
383,REPUBLICANOS,10222,FELIPE GURGEL COUTINHO,FELIPE COUTINHO,Deputado Estadual,5,150002544194
68,MDB,15999,FELIPE MATOS LEITAO,FELIPE LEITÃO,Deputado Estadual,5,150002540234
410,UNIÃO,44444,FERNANDA KARLA GONCALVES DE MEIRELES ALVINO,FERNANDA ALVINO,Deputado Estadual,5,150002548958
226,PP,11190,FERNANDO DIAS DE MELO,MAJOR FERNANDO,Deputado Estadual,5,150002548951
273,PSB,40345,FLAVINA RACHEL FELICIANO DE AMORIM CAVALCANTE,DRA FLAVINA FELICIANO,Deputado Estadual,5,150002544663
324,PT,13333,FLÁVIO TAVARES BRASILEIRO,FLÁVIO BRASILEIRO,Deputado Estadual,5,150002544161
2,AVANTE,7010,FRANCILEIDE DA SILVA,NEIDE BICUDA,Deputal Federal,4,150002553390
69,MISSÃO,1400,FRANCISCO ANDRÉ BRITO TELES DE MENDONÇA,FRANCISCO MENDONÇA,Deputal Federal,4,150002536467
148,PL,2244,FRANCISCO ARLEY DE SOUSA MOURA,ARLEY MOURA,Deputal Federal,4,150002554421
67,MDB,15919,FRANCISCO DA SILVA GOMES,POCA CABELEIREIRO,Deputado Estadual,5,150002540247
323,PT,13213,FRANCISCO EDILSON DA SILVA RIBEIRO,NOCA RIBEIRO,Deputado Estadual,5,150002544144
294,PSD,5555,FRANCISCO EMERSON ASSIS DE LUCENA,MERSINHO LUCENA,Deputal Federal,4,150002544003
242,PP,11777,FRANCISCO GOMES DE ARAÚJO JÚNIOR,JÚNIOR ARAÚJO,Deputado Estadual,5,150002548932
317,PT,13100,FRANCISCO JANIO PEREIRA,JÂNIO PEREIRA,Deputado Estadual,5,150002544165
53,MDB,15300,FRANCISCO JOSE GARCIA FIGUEIREDO,PROFESSOR FRANCISCO,Deputado Estadual,5,150002540239
277,PSB,40456,FRANCISCO MENDES CAMPOS,CHICO MENDES,Deputado Estadual,5,150002549794
309,PT,1303,GABRIELLA KOLLONTAI JOSÉ DA SILVA,GABI BENVENUTTY,Deputal Federal,4,150002544171
402,SOLIDARIEDADE,7796,GENILSON LUCENA DE MORAIS,GENILSON LUCENYAH,Deputal Federal,4,150002549757
142,PL,2211,GEORGE VENTURA MORAIS,GEORGE MORAIS,Deputal Federal,4,150002538453
143,PL,2212,GERANA GOUVEIA XAVIER PEREIRA,GERANA GOUVEIA,Deputal Federal,4,150002538450
270,PSB,40196,GERLANE BANDEIRA DA SILVA,GERLANE,Deputado Estadual,5,150002544669
394,SOLIDARIEDADE,7710,GERLANE PEDRO FREITAS DE SOUZA,GERLANE FREITAS,Deputal Federal,4,150002549758
288,PSD,5512,GERMANA NUNES WANDERLEY DE ALENCAR,GERMANA WANDERLEY,Deputal Federal,4,150002544013
97,PCDOB,6565,GERVASIO AGRIPINO MAIA,GERVÁSIO MAIA,Deputal Federal,4,150002544178
172,PL,22333,GESKA RAYSSA CAVALCANTE DE OLIVEIRA MAIA,GESKA DE LAURINHO,Deputado Estadual,5,150002541173
144,PL,2222,GILBERTO GOMES DA SILVA,CABO GILBERTO SILVA,Deputal Federal,4,150002538457
357,REDE,18789,GILBERTO MANOEL CALADO,GILBERTO CALADO,Deputado Estadual,5,150002549748
411,UNIÃO,44555,GILBERTO TOLENTINO LEITE JÚNIOR,GILBERTINHO,Deputado Estadual,5,150002548956
306,PSOL,50555,GILSON DANTAS DE FIGUEIREDO,GILSON DANTAS (PAPALÉGUAS),Deputado Estadual,5,150002549750
116,PDT,1245,GILSON ROBERTO SOARES DA COSTA LUSTOSA,GILSON ROBERTO (OVÃO),Deputal Federal,4,150002552381
12,AVANTE,7099,GLECIENE DA COSTA BATISTA,GLECIENE,Deputal Federal,4,150002553965
217,PP,11022,GLEIDSON LUCAS RIBEIRO LUCENA,LUCAS LUCENA,Deputado Estadual,5,150002548929
213,PP,1177,GULLIEM CHARLES BEZERRA LEMOS,JULIAN LEMOS,Deputal Federal,4,150002549635
262,PSB,4055,HEBERT LEVY DE OLIVEIRA,"DR, LEVY DA HABITAÇÃO",Deputal Federal,4,150002544610
285,PSD,5508,HELENA MARIA DUARTE DE HOLANDA,HELENA HOLANDA,Deputal Federal,4,150002544004
36,MDB,15000,HELIDA LARUCIA DE SA FERNANDES,LARÚCIA,Deputado Estadual,5,150002540227
401,SOLIDARIEDADE,7788,HENILTON FERREIRA MAIA,NILTON MAIA DA SHALON,Deputal Federal,4,150002554301
17,DC,2711,HERICK TOLENTINO SIQUEIRA,HERICK,Deputal Federal,4,150002553624
211,PP,1144,HERMERSON GALDINO DA SILVA,HERMERSON CAMINHONEIRO,Deputal Federal,4,150002549642
7,AVANTE,7050,HESMON RODOLFO DUARTE DE OLIVEIRA,RODOLFO DUARTE,Deputal Federal,4,150002553397
106,PDT,1210,HILDEMARCIO DO NASCIMENTO LINS,MÁRCIO LINS,Deputal Federal,4,150002552385
54,MDB,15321,HOSANA DE FREITAS CARNEIRO,"PROF, HOSANA CARNEIRO",Deputado Estadual,5,150002540230
222,PP,11115,HUGO GOMES DA CRUZ,GUINÉ,Deputado Estadual,5,150002548937
364,REPUBLICANOS,1011,HUGO MOTTA WANDERLEY DA NOBREGA,HUGO,Deputal Federal,4,150002544205
71,MISSÃO,1415,HUMBERTO LIMA DA COSTA,BETO LIMA,Deputal Federal,4,150002536470
297,PSD,5578,ILMA RODRIGUES SILVA,ILMA RODRIGUES,Deputal Federal,4,150002544005
100,PCDOB,65555,INÁCIO JUSTINO FALCÃO PEREIRA,INÁCIO FALCÃO,Deputado Estadual,5,150002544151
107,PDT,1211,INALDO JOSE DA COSTA ANDRADE DOS SANTOS,INALDO ANDRADE,Deputal Federal,4,150002552380
39,MDB,15022,ISAAC VENERANDO PEREIRA DE LIMA,"PR, ISAAC VENERANDO",Deputado Estadual,5,150002540245
416,UP,8080,ISABELE ENES RIBEIRO,ISABELE DO CORRENTEZA,Deputal Federal,4,150002544213
353,REDE,18188,IVALDO FRANCISCO MARTINS,SARGENTO IVALDO GARRINCHA,Deputado Estadual,5,150002549743
76,MOBILIZA,3310,IVANILDO NASCIMENTO DE LIMA,O PROFETA IVANILDO,Deputal Federal,4,150002548926
94,NOVO,3088,IVONE DOS SANTOS LIMA E LIMA,MISSIONÁRIA IVONE DO HU,Deputal Federal,4,150002548396
391,REPUBLICANOS,10789,IVONETE MARIA DE SOUSA,PROFESSORA IVONETE,Deputado Estadual,5,150002544189
229,PP,11222,JACI SEVERINO DE SOUZA,GALEGO SOUZA,Deputado Estadual,5,150002548959
43,MDB,15115,JACIARA KELLEN GUIMARÃES MACHADO,JACI GUIMARÃES,Deputado Estadual,5,150002540251
201,PODE,2055,JACÓ MOREIRA MACIEL,JACÓ MACIEL,Deputal Federal,4,150002533570
230,PP,11234,JADER SOARES PIMENTEL FILHO,JADER PIMENTEL FILHO,Deputado Estadual,5,150002548954
260,PSB,4045,JAILMA VASCONCELOS DE CARVALHO,JAILMA CARVALHO,Deputal Federal,4,150002544607
31,DEMOCRATA,3555,JAILTON JOSE DE SOUSA COSTA,NININHO MANGABEIRA,Deputal Federal,4,150002538698
105,PDT,1200,JAIR NOBERTO DOS SANTOS,TENENTE JAIR,Deputal Federal,4,150002552379
238,PP,11500,JAKELINE MARIA DA SILVA,KELLY DO BOTAFOGO,Deputado Estadual,5,150002548936
30,DEMOCRATA,3535,JANDIR FERRAZ DALTRO,JANDIR FERRAZ,Deputal Federal,4,150002538697
283,PSB,40999,JANINE SILVA DE OLIVEIRA,JANINE OLIVEIRA,Deputado Estadual,5,150002544652
366,REPUBLICANOS,1020,JANNYLEYDE DA SILVA MILANES,JANNY MILANES,Deputal Federal,4,150002544201
390,REPUBLICANOS,10777,JARQUES LUCIO DA SILVA II,"DR, JARQUES",Deputado Estadual,5,150002544185
279,PSB,40555,JEANE ALVES DE OLIVEIRA,JEANE OLIVEIRA,Deputado Estadual,5,150002544659
320,PT,13123,JEFFERSON JOHN QUEIROZ CAMPOS,"DR, JEFFERSON",Deputado Estadual,5,150002544142
292,PSD,5540,JHONY WESLLYS BEZERRA COSTA,DOUTOR JHONY,Deputal Federal,4,150002544009
174,PL,22400,JOAB ALMEIDA CALIXTO,ENGENHEIRO JOAB,Deputado Estadual,5,150002541199
64,MDB,15777,JOALLISON PINTO DOS SANTOS,JOALLISON SANTOS,Deputado Estadual,5,150002540228
251,PSB,400,JOÃO AZEVÊDO LINS FILHO,JOAO AZEVÊDO,Senador,3,150002549793
125,PDT,12192,JOAO BARBOSA DA SILVA,BARBOSA DE MANDACARU,Deputado Estadual,5,150002551582
244,PP,11888,JOÃO BATISTA DA SILVA,JOÃO BATISTA DE BAYEUX,Deputado Estadual,5,150002548946
414,UP,801,JOÃO BATISTA DOMINGOS,JOÃO BATISTA,Senador,3,150002544140
221,PP,11113,JOÃO BOSCO CARNEIRO JUNIOR,BOSCO CARNEIRO,Deputado Estadual,5,150002548941
177,PL,22456,JOÃO DOMICIANO DANTAS SEGUNDO,SEGUNDO DOMICIANO,Deputado Estadual,5,150002541172
293,PSD,5550,JOAO DOS SANTOS FILHO,JOÃO DOS SANTOS,Deputal Federal,4,150002544012
18,DC,2722,JOÃO GABRIEL FREITAS CHAMIÉ,FREITAS,Deputal Federal,4,150002553617
190,PL,22999,JOÃO GOMES DE SOUZA NETO,SARGENTO NETO,Deputado Estadual,5,150002541190
240,PP,11611,JOÃO GONÇALVES DE AMORIM SOBRINHO,JOÃO GONÇALVES,Deputado Estadual,5,150002548944
91,NOVO,3055,JOAO HENRIQUE ALVES DE QUEIROZ,HENRIQUE QUEIROZ,Deputal Federal,4,150002548398
234,PP,11369,JOAO PAULO BARBOSA LEAL SEGUNDO,JOÃO PAULO SEGUNDO,Deputado Estadual,5,150002548935
131,PDT,12333,JOAQUIM MORAIS DA SILVA,JOAQUIM MORAIS,Deputado Estadual,5,150002551583
24,DEMOCRATA,3500,JOHN EARLY,EARLY,Deputal Federal,4,150002538673
415,UP,8000,JONAS SOUZA DA SILVA,JONAS SOUZA,Deputal Federal,4,150002544214
135,PDT,12567,JORGE RODOLFO MAIA FEITOSA,JORGE MAIA,Deputado Estadual,5,150002551594
112,PDT,1222,JOSÉ AIRTON PIRES DE SOUSA,AIRTON PIRES,Deputal Federal,4,150002552377
241,PP,11666,JOSÉ ALDEMIR MEIRELES DE ALMEIDA,ZÉ ALDEMIR,Deputado Estadual,5,150002548931
147,PL,2244,JOSÉ ALEDSON DE SOUSA MOURA,"DR, ALEDSON MOURA",Deputal Federal,4,150002538446
388,REPUBLICANOS,10555,JOSE ALEXANDRE DE ARAUJO,ZEZÉ,Deputado Estadual,5,150002544181
289,PSD,5515,JOSÉ AMÂNCIO DE LIMA NETTO,NETTO LIMA,Deputal Federal,4,150002544006
93,NOVO,3077,JOSÉ CARLOS DA SILVA JÚNIOR,JUNIOR DO TREM,Deputal Federal,4,150002548392
153,PL,2288,JOSE CLAUDINO ALVES,DEDA CLAUDINO,Deputal Federal,4,150002538451
167,PL,22191,JOSE CLEBER DE MORAIS SILVA,SARGENTO CLEBER,Deputado Estadual,5,150002549797
4,AVANTE,7020,JOSÉ CRISTIANO DOS SANTOS,CRISTIANO MATEUS,Deputal Federal,4,150002553391
307,PSOL,50777,JOSÉ DE OLIVEIRA BARBOSA,ZÉ DE DUNCO,Deputado Estadual,5,150002549749
179,PL,22522,JOSÉ EVANDRO ALVES DA TRINDADE,"DR, EVANDRO TRINDADE",Deputado Estadual,5,150002541179
298,PSOL,5000,JOSE FRANCISCO DE SOUSA NETO,SOUSA NETO,Deputal Federal,4,150002550472
252,PSB,4000,JOSE FREIRE DA COSTA,ZEZINHO BOTAFOGO,Deputal Federal,4,150002544601
370,REPUBLICANOS,1045,JOSE IVANILSON SOARES DE LACERDA,NILSON LACERDA,Deputal Federal,4,150002544207
231,PP,11300,JOSE JARBAS TEIXEIRA RAMOS,SUPERVISOR JARBAS,Deputado Estadual,5,150002548952
337,PV,43333,JOSE LAFAYETTE PIRES BENEVIDES GADELHA,LAFA GADELHA,Deputado Estadual,5,150002544162
225,PP,11177,JOSÉ LUIZ PEREIRA GONÇALVES,BISPO JOSÉ LUIZ,Deputado Estadual,5,150002548963
46,MDB,15151,JOSÉ MARCELINO DE QUEIRÓZ SOUZA,ZÉ DO MUTIRÃO,Deputado Estadual,5,150002544691
8,AVANTE,7060,JOSE MARCOS RODRIGUES DA SILVA,ZÉ MARCOS,Deputal Federal,4,150002553395
169,PL,22223,JOSE MARIA ALVES DA SILVA,TEN ALVES DA FLAMENGUEIRA,Deputado Estadual,5,150002541197
282,PSB,40789,JOSÉ MARINALDO CARDOSO,MARINALDO CARDOSO,Deputado Estadual,5,150002544662
114,PDT,1236,JOSÉ MAZUREIK SILVA RODRIGUES,MAZUREIK RODRIGUES,Deputal Federal,4,150002552386
182,PL,22654,JOSE MEDEIROS DE MORAIS,ZÉ MEDEIROS,Deputado Estadual,5,150002541193
275,PSB,40401,JOSÉ PEREIRA DA SILVA FILHO,JOSE PEREIRA,Deputado Estadual,5,150002544660
290,PSD,5522,JOSE WELLINGTON ROBERTO,WELLINGTON ROBERTO,Deputal Federal,4,150002544010
363,REPUBLICANOS,1010,JOSE WILSON SANTIAGO,WILSON SANTIAGO,Deputal Federal,4,150002544208
375,REPUBLICANOS,10110,JOSE WILSON SANTIAGO FILHO,WILSON FILHO,Deputado Estadual,5,150002544184
398,SOLIDARIEDADE,7724,JOSENILDO TRAJANO SOARES,TRAJANO,Deputal Federal,4,150002549763
189,PL,22922,JOSIAS MENDES DE OLIVEIRA,PROFESSOR JOSIAS MENDES,Deputado Estadual,5,150002541203
98,PCDOB,65000,JOSILENE MARIA DE OLIVEIRA,JÔ OLIVEIRA,Deputado Estadual,5,150002544147
417,UP,80123,JOZIVAN ANTERO DE ALMEIDA,JOZIVAN ANTERO,Deputado Estadual,5,150002540202
284,PSD,5507,JULIA KALINE GOMES DE SOUSA,JÚLIA VENERANDO,Deputal Federal,4,150002544014
108,PDT,1212,JULIANA CARNEIRO DE CARVALHO,JULIANA ALMEIDA,Deputal Federal,4,150002552383
286,PSD,5510,JULLYANA SOARES RIBEIRO,JULLYANA RIBEIRO,Deputal Federal,4,150002554010
123,PDT,12123,JUNIO LEANDRO AZEVEDO DE MACEDO,JUNIO LEANDRO,Deputado Estadual,5,150002551584
377,REPUBLICANOS,10123,JUTAY MENESES GOMES,JUTAY MENESES,Deputado Estadual,5,150002544190
136,PDT,12678,KALINA LIGIA DE SOUSA ALBUQUERQUE,PROFESSORA KALINA,Deputado Estadual,5,150002551592
124,PDT,12190,KLEBER ROBSON BARLAVENTO,SARGENTO BARLAVENTO,Deputado Estadual,5,150002551596
267,PSB,40111,KLÉCIDA NUNES RODRIGUES,KLÉCIDA RODRIGUES,Deputado Estadual,5,150002544657
21,DC,2767,KRISNA GOPAL CARNEIRO SALES,KRISNA GOPAL,Deputal Federal,4,150002553619
103,PCO,2900,LATIFI ABOU HAIKAL,LATIFI ABOU HAIKAL,Deputal Federal,4,150002552605
115,PDT,1240,LEE ANDERSON DALIA DE CASTRO,SARGENTO LEE,Deputal Federal,4,150002552384
287,PSD,5511,LEILA DE CASSIA TAVARES,PROFESSORA LEILA FONSECA,Deputal Federal,4,150002544007
196,PODE,2020,LEONARDO DE MELO GADELHA,LÉO GADELHA,Deputal Federal,4,150002533568
256,PSB,4013,LIDIA DE MOURA SILVA BARBOSA,LÍDIA MOURA,Deputal Federal,4,150002544608
223,PP,11123,LINDOLFO PIRES NETO,LINDOLFO PIRES,Deputado Estadual,5,150002548961
74,MISSÃO,1483,LUAN NUNES BRASILIANO,LUAN BRASILIANO,Deputal Federal,4,150002536469
236,PP,11444,LUCAS CAÇULA DE MOURA,LUCAS CAÇULA,Deputado Estadual,5,150002548942
203,PP,11,LUCAS RIBEIRO NOVAIS DE ARAUJO,LUCAS RIBEIRO,Governador,2,150002551789
272,PSB,40333,LUCCA NUTO FRANÇA DE ALBUQUERQUE,LUCCA NUTO,Deputado Estadual,5,150002544664
92,NOVO,3066,LUCENILDO RODRIGUES RAMOS,LUCENILDO BRANCO,Deputal Federal,4,150002548390
389,REPUBLICANOS,10660,LUCIANO CARTAXO PIRES DE SÁ,LUCIANO CARTAXO,Deputado Estadual,5,150002544196
332,PV,43027,LUCIENE DE PONTES FARIAS SANTOS,LUCIENE FARIAS,Deputado Estadual,5,150002544154
314,PT,1345,LUIZ ALBUQUERQUE COUTO,LUIZ COUTO,Deputal Federal,4,150002544174
215,PP,11007,LUIZ EDUARDO DE MENEZES SOARES,DUDU SOARES,Deputado Estadual,5,150002548939
80,MOBILIZA,3347,LUIZ GONZAGA RODRIGUES FILHO,LULA DA TAPIOCA,Deputal Federal,4,150002548924
77,MOBILIZA,3311,LUMITANIA DIAS CASSIANO DE OLIVEIRA,LUMITÂNIA DIAS,Deputal Federal,4,150002548928
371,REPUBLICANOS,1066,MAÍSA FREIRE CARTAXO PIRES DE SÁ,MAÍSA CARTAXO,Deputal Federal,4,150002544202
175,PL,22422,MANOEL BATISTA FILGUEIRA NETO,DEPUTA MANÉ BUCHADA,Deputado Estadual,5,150002541204
334,PV,43123,MANOEL LUDGERIO PEREIRA NETO,MANOEL LUDGÉRIO,Deputado Estadual,5,150002544155
345,REDE,1819,MARCELA KELLY DE VASCONCELOS,MARCELA KELLY,Deputal Federal,4,150002550475
159,PL,22033,MARCELLA PRISCILA DE MEDEIROS TORRES,MARCELLA TORRES,Deputado Estadual,5,150002541177
330,PV,4343,MARCELLA VIANA PORTELA DE OLIVEIRA CUNHA,MARCELLA VIANA,Deputal Federal,4,150002544172
139,PL,222,MARCELO ANTÔNIO CARTAXO QUEIROGA LOPES,"DR, MARCELO QUEIROGA",Senador,3,150002538459
224,PP,11138,MARCIA CAVALCANTI MENEZES,MARCIA DA SALADA,Deputado Estadual,5,150002548953
214,PP,11000,MARCIO DIEGO FERNANDES TAVARES DE ALBUQUERQUE,DIEGO TAVARES,Deputado Estadual,5,150002548943
384,REPUBLICANOS,10234,MARCIO ROBERTO DA SILVA,MARCIO ROBERTO,Deputado Estadual,5,150002544198
185,PL,22789,MARCOS ALEXANDRE DE OLIVEIRA LIMA SOBREIRA,CORONEL SOBREIRA,Deputado Estadual,5,150002541187
338,PV,43555,MARCOS ERON NOGUEIRA,MARCOS ERON,Deputado Estadual,5,150002544156
316,PT,13000,MARCOS HENRIQUES E SILVA,MARCOS HENRIQUES,Deputado Estadual,5,150002544141
79,MOBILIZA,3333,MARCOS OLIVEIRA,MARCOS OLIVEIRA,Deputal Federal,4,150002548923
266,PSB,40040,MARIA ALDENORA BEZERRA DE SOUSA,ALDENORA BEZERRA,Deputado Estadual,5,150002544656
325,PT,13400,MARIA APARECIDA RAMOS DE MENESES,CIDA RAMOS,Deputado Estadual,5,150002544145
176,PL,22444,MARIA AUXILIADORA DIAS DO REGO,CILINHA,Deputado Estadual,5,150002541189
28,DEMOCRATA,3520,MARIA CRISTINA DA SILVA,CRISTINA ACS,Deputal Federal,4,150002538696
295,PSD,5556,MARIA EVANGERLÂNIA DANTAS,LANA DANTAS,Deputal Federal,4,150002544011
32,DEMOCRATA,3577,MARIA GORETTE FERREIRA DOS SANTOS,MÃE GORETTI,Deputal Federal,4,150002538695
393,REPUBLICANOS,10999,MARIA LEONICE LOPES VITAL,LEONICE LOPES,Deputado Estadual,5,150002544199
407,UNIÃO,44123,MARIA LUIZA PORTO BEZERRA CAVALCANTI,MARIA PORTO,Deputado Estadual,5,150002548947
42,MDB,15112,MARIA MADALENA DE LIMA,MADALENA CABELEIREIRA,Deputado Estadual,5,150002540225
408,UNIÃO,44144,MARIA MADALENA REINALDO DE FREITAS,MADÁ,Deputado Estadual,5,150002548960
278,PSB,40456,MARIA NILDALANIA BRAZ DE SOUZA,NIL MENDES,Deputado Estadual,5,150002553920
194,PODE,2011,MARIA SANDRA PEREIRA DE MARROCOS,SANDRA MARROCOS,Deputal Federal,4,150002533573
191,PODE,2000,MARIA SILVA DA CUNHA,SILVIA DA PESCA,Deputal Federal,4,150002533574
319,PT,13111,MARIA SUELMA TAVARES,SUELMA TAVARES,Deputado Estadual,5,150002544149
58,MDB,15556,MARIA TERESA CARNEIRO,TERESA CARNEIRO FELICIANO,Deputado Estadual,5,150002540226
59,MDB,15556,MARIA TERESA CARNEIRO FELICIANO,TERESA CARNEIRO FELICIANO,Deputado Estadual,5,150002554321
237,PP,11456,MARICELIA ALVES,CÉLIA ALVES,Deputado Estadual,5,150002548957
78,MOBILIZA,3313,MARILENE ALVES VIEIRA,MARILENE ALVES,Deputal Federal,4,150002548927
61,MDB,15666,MARILENE VICENTE DO NASCIMENTO,LENA DO PARAÍBA,Deputado Estadual,5,150002540244
404,UNIÃO,4422,MARILIA DE ALMEIDA DANTAS,MARÍLIA DANTAS,Deputal Federal,4,150002549643
134,PDT,12456,MARLÂNGELA SILVA DE MEDEIROS,MARLANGELA,Deputado Estadual,5,150002551581
171,PL,22321,MARY KAJEAN MELO RODRIGUES,MARY,Deputado Estadual,5,150002541175
313,PT,1333,MARY PRISCILA MEDEIROS DE SÁ,ENFERMEIRA MARY PRISCILA,Deputal Federal,4,150002544173
351,REDE,18008,MATHEUS CARVALHO DOS SANTOS,THEUS CARVALHO,Deputado Estadual,5,150002549747
359,REDE,18888,MAX DE ANDRADE ALVES JUNIOR,MAX JÚNIOR,Deputado Estadual,5,150002549754
188,PL,22888,MELCA FARIAS VIEIRA,MELCA FARIAS,Deputado Estadual,5,150002541188
340,PV,43789,MELCHIOR NAELSON BATISTA DA SILVA,CHIÓ,Deputado Estadual,5,150002544163
216,PP,11011,MICHEL SILVESTRE HENRIQUE,MICHEL HENRIQUE,Deputado Estadual,5,150002548940
173,PL,22345,MICHELY PATRICK FARINA,MICHELY FARINA,Deputado Estadual,5,150002541205
202,PODE,2077,MIGUEL FERNANDES PIMENTA NETO,MIGUEL PIMENTA,Deputal Federal,4,150002533576
151,PL,2269,MILANA SALES DE MELO,TIA MILA,Deputal Federal,4,150002538448
121,PDT,12108,MÔNICA RODRIGUES LINHARES,MONICA RODRIGUES,Deputado Estadual,5,150002551590
158,PL,22025,MÔNICA VALÉRIA DE ALBUQUERQUE,MÔNICA ALBUQUERQUE,Deputado Estadual,5,150002541198
23,DC,2780,MÔNIK EVELLYN NOVAIS DA SILVA,MONIK EVELLYN,Deputal Federal,4,150002553621
145,PL,2223,MUNIQUE MARINHO DE LIMA ROLIM,CANTORA MUNIQUE MARINHO,Deputal Federal,4,150002538455
360,REPUBLICANOS,100,NABOR WANDERLEY DA NOBREGA FILHO,NABOR,Senador,3,150002549791
141,PL,2202,NÁGILA MERCÊS MENDES SANTANA,NÁGILA SANTANA,Deputal Federal,4,150002538458
374,REPUBLICANOS,10000,NATÁLIA RODRIGUES DA SILVA,NATÁLIA RODRIGUES,Deputado Estadual,5,150002544191
409,UNIÃO,44333,NATHALYA FERNANDA TAVARES BARBOSA,NATHALYA FERNANDA,Deputado Estadual,5,150002548934
197,PODE,2022,NELSON GOMES FILHO,NELSON GOMES,Deputal Federal,4,150002533572
168,PL,22222,NILVAN FERREIRA DO NASCIMENTO,NILVAN FERREIRA,Deputado Estadual,5,150002541194
280,PSB,40640,NIVALDO FERNANDES DE BARROS,CARLOS RENATO,Deputado Estadual,5,150002544658
379,REPUBLICANOS,10180,NOBSON PEDRO DE ALMEIDA,NOBINHO ALMEIDA,Deputado Estadual,5,150002544195
164,PL,22122,OLINDA SAMMARA DE LIMA AGUIAR,SAMMARA AGUIAR SAMMY,Deputado Estadual,5,150002541201
376,REPUBLICANOS,10111,OLIVIA MOTTA WANDERLEY DA NÓBREGA,OLÍVIA MOTTA,Deputado Estadual,5,150002544186
62,MDB,15669,OSVALDO SANTOS DE OLIVEIRA,OSVALDO SANTOS,Deputado Estadual,5,150002540229
193,PODE,2010,OTACILIO RIBEIRO DA SILVA,CILOCA BARROZO,Deputal Federal,4,150002533569
348,REDE,1856,OTONIEL NUNES CABOCLO,TOTA DOS ANIMAIS,Deputal Federal,4,150002550470
247,PRD,2507,PATRICIA BERGER DE OLIVEIRA SANTOS,PATRÍCIA BERGER,Deputal Federal,4,150002549761
395,SOLIDARIEDADE,7711,PATRICIA MARTINS DE OLIVEIRA,PATRÍCIA MOTA,Deputal Federal,4,150002549768
246,PRD,2500,PAULO ALMEIDA DA SILVA MARTINS,CORONEL ALMEIDA,Deputal Federal,4,150002549760
205,PP,1107,PAULO TARCISIO PESSOA JARDIM,TARCÍSIO JARDIM,Deputal Federal,4,150002549641
13,DC,27,PEDRO JORGE COUTINHO GUERRA,PEDRO COUTINHO,Governador,2,150002551911
311,PT,1311,PEDRO MARCOS GOMES MATIAS,PEDRO MATIAS,Deputal Federal,4,150002544170
95,PCDOB,6500,PERCIVAL HENRIQUES DE SOUZA NETO,PERCIVAL,Deputal Federal,4,150002544177
48,MDB,15155,PETERSON RENE DA SILVA ALEXANDRE,"DR, PET",Deputado Estadual,5,150002540252
257,PSB,4015,RACHEL CHRISTINA PEDROSA MAROJA,RACHEL MAROJA,Deputal Federal,4,150002544603
29,DEMOCRATA,3522,RAIMUNDA CARNEIRO DA SILVA,RAIMUNDA,Deputal Federal,4,150002538699
302,PSOL,50111,RAIMUNDO PEDRO RIBEIRO,RAIMUNDO AGENTE DE SAÚDE,Deputado Estadual,5,150002549755
291,PSD,5533,RAONI BARRETO MENDES,RAONI MENDES,Deputal Federal,4,150002544002
45,MDB,15150,RAQUEL BATISTA PAULO DE SOUZA,ENFERMEIRA RAQUEL PAULA,Deputado Estadual,5,150002540254
157,PL,22022,RAQUEL DE OLIVEIRA FRANÇA,RAQUEL FRANÇA,Deputado Estadual,5,150002541184
249,PRD,2555,RAY ALENCAR DE LIMA FRANÇA,RAY ALENCAR,Deputal Federal,4,150002549762
381,REPUBLICANOS,10192,RAYRA MAXIANA SANTOS BESERRA DE ARAÚJO,ENFERMEIRA RAYRA BESERRA,Deputado Estadual,5,150002544193
361,REPUBLICANOS,1000,REBECA LOPES DE SOUZA BARROS,CAPITÃ REBECA,Deputal Federal,4,150002544210
26,DEMOCRATA,3511,REGINALDO GALDINO DOS SANTOS,NÊM DOS ÓCULOS,Deputal Federal,4,150002538700
362,REPUBLICANOS,1001,RENAN ANDRADE OLIVEIRA,RENAN DA RESENHA,Deputal Federal,4,150002544212
208,PP,1122,RICARDO BARBOSA,RICARDO BARBOSA,Deputal Federal,4,150002549637
350,REDE,18000,RICARDO LUCENA DE ARAUJO,RICARDO LUCENA,Deputado Estadual,5,150002549745
312,PT,1313,RICARDO VIEIRA COUTINHO,RICARDO COUTINHO,Deputal Federal,4,150002544167
14,DC,272,RINALDO ELIAS PEREIRA JUNIOR,RINALDO JÚNIOR,Senador,3,150002548971
51,MDB,15200,ROBERTO CARLOS DE ALMEIDA LIMA,ROBERTO LIMA,Deputado Estadual,5,150002540248
396,SOLIDARIEDADE,7713,ROBERTO DA SILVA,BETINHO DA RS,Deputal Federal,4,150002549759
254,PSB,4004,ROBERTO LOPES BURITY,ROBERTO BURITY,Deputal Federal,4,150002544606
365,REPUBLICANOS,1015,ROBERTO RANIERY DE AQUINO PAULINO,RANIERY PAULINO,Deputal Federal,4,150002544200
82,NOVO,3000,RODRIGO LIMA DE ARAÚJO E SILVA,RODRIGO LIMA,Deputal Federal,4,150002548400
198,PODE,2026,ROMERO RODRIGUES VEIGA,ROMERO RODRIGUES,Deputal Federal,4,150002533571
99,PCDOB,65123,ROMUALDO ANTONIO QUIRINO DE SOUSA,"DR, ROMUALDO",Deputado Estadual,5,150002544157
235,PP,11400,ROSALIA BORGES LUCAS,ROSÁLIA LUCAS,Deputado Estadual,5,150002548933
318,PT,13110,ROSELY LOUZADA,ROSELY LOUZADA,Deputado Estadual,5,150002544166
162,PL,22100,ROSEMERI DA CUNHA BORGES DE MEDEIROS,MERINHA DA CASA DE APOIO,Deputado Estadual,5,150002541202
96,PCDOB,6555,ROSIANE CRUZ DE MORAIS,ROSI CRUZ,Deputal Federal,4,150002544176
413,UP,800,ROSILENE DA SILVA SANTANA,ROSILENE SANTANA,Senador,3,150002544135
232,PP,11321,RUAN CARLOS NÓBREGA MARTINS,RUAN MARTINS,Deputado Estadual,5,150002548949
49,MDB,15190,RUI DA SILVA NOBREGA,SARGENTO RUI,Deputado Estadual,5,150002540250
199,PODE,2030,RUY MANUEL CARNEIRO BARBOSA DE AÇA BELCHIOR,RUY CARNEIRO,Deputal Federal,4,150002533578
16,DC,2710,SAMARA STÉFANE DE FRANÇA GONÇALVES,SAMARA STEFANE,Deputal Federal,4,150002553622
155,PL,22001,SAMARA SUASSUNA DE SOUSA,SAMARA SUASSUNA,Deputado Estadual,5,150002541180
296,PSD,5566,SAMUEL DE PAIVA HENRIQUE,SAMUKA,Deputal Federal,4,150002544008
200,PODE,2033,SARA MARIA FRANCISCA MEDEIROS CABRAL,SARA CABRAL,Deputal Federal,4,150002533577
310,PT,1310,SAULO LUCIO DANTAS,SAULO DANTAS,Deputal Federal,4,150002544169
170,PL,22287,SAULO PORTO DE OLIVEIRA,LAMPIÃO GAÚCHO,Deputado Estadual,5,150002541200
120,PDT,12100,SAVIO SIMON DOS SANTOS SALVADOR,SÁVIO SALVADOR,Deputado Estadual,5,150002551586
368,REPUBLICANOS,1033,SEBASTIAO TIÃO GOMES PEREIRA,TIÃO GOMES,Deputal Federal,4,150002544209
75,MOBILIZA,3300,SERGIO COSTA DA SILVA,SERGIO DO REAL PREÇO,Deputal Federal,4,150002548925
380,REPUBLICANOS,10190,SERGIO FONSECA DE SOUZA,CORONEL SERGIO,Deputado Estadual,5,150002544182
403,UNIÃO,4410,SERGIO RAFAEL BENTO GOMES,SERGIO RAFAEL,Deputal Federal,4,150002552726
122,PDT,12111,SERGIO RICARDO GOMES DE ARAUJO,SARGENTO SÉRGIO ARAUJO,Deputado Estadual,5,150002551589
19,DC,2727,SÉRGIO RICARDO RIBEIRO GAMA,SÉRGIO GAMA,Deputal Federal,4,150002553616
271,PSB,40234,SIBELLE DA SILVA BARROS,SIBELLE BARROS,Deputado Estadual,5,150002544654
367,REPUBLICANOS,1022,SILVIA FERNANDA AIRES BENJAMIN,SILVIA BENJAMIN,Deputal Federal,4,150002544206
248,PRD,2512,SILVIO DIAS SOARES,SILVIO SOARES,Deputal Federal,4,150002549766
15,DC,2700,STÉFFENIE JÉSSICA GOMES DA SILVA,STEFFENIE JESSICA,Deputal Federal,4,150002553620
321,PT,13130,STÊNIO JOSE PAULINO SOARES,"PROF, STENIO SOARES",Deputado Estadual,5,150002544164
352,REDE,18177,SUELY SOARES DA SILVA,SUELY SOARES,Deputado Estadual,5,150002549756
243,PP,11789,TANILSON TARSO NOBREGA SOARES,TANILSON SOARES,Deputado Estadual,5,150002548945
335,PV,43146,TATIANA GOMES ROCHA,TATIANA GOMES,Deputado Estadual,5,150002544148
299,PSOL,5013,TATYANA VALERIA BARBOSA DE MEDEIROS,TATY PARAÍBA FEMININA,Deputal Federal,4,150002550473
327,PT,13456,TERESINHA DE JESUS DE SOUZA DANTAS,TERESINHA DANTAS,Deputado Estadual,5,150002544150
40,MDB,15100,TOVAR ALVES CORREIA LIMA,TOVAR,Deputado Estadual,5,150002540249
304,PSOL,50150,ULISSES APARECIDO BARBOSA,ULISSES BARBOSA,Deputado Estadual,5,150002549742
3,AVANTE,7011,VALDECIR AMORIM RODRIGUES JUNIOR,VALDECIR JUNIOR,Deputal Federal,4,150002553396
326,PT,13455,VALDENÍCIO HERCULANO DA SILVA,VALDENICIO DA FETRAF,Deputado Estadual,5,150002544143
219,PP,11100,VALDILENE QUEIROZ DE LIMA GONÇALVES,VALDILENE QUEIROZ,Deputado Estadual,5,150002554203
268,PSB,40123,VALDINELE GOMES COSTA,NELINHO COSTA,Deputado Estadual,5,150002544666
65,MDB,15789,VALDIR JOSE DOWSLEY,DINHO,Deputado Estadual,5,150002540255
372,REPUBLICANOS,1077,VALDIR TRINDADE DOS SANTOS,VALDIR TRINDADE,Deputal Federal,4,150002544204
37,MDB,15009,VALQUIRIA BRITO URTIGAS,VAL DA EDUCAÇÃO,Deputado Estadual,5,150002540242
104,PCO,2929,VALTEMBERG ALVES DE ALMEIDA,VAL ALVES,Deputal Federal,4,150002552604
35,MDB,155,VENEZIANO VITAL DO RÊGO SEGUNDO NETO,VENEZIANO,Senador,3,150002544905
56,MDB,15444,VITOR HUGO PEIXOTO CASTELLIANO,VITOR HUGO,Deputado Estadual,5,150002540253
165,PL,22123,VITOR MATHEUS RIBEIRO FELIX,VITOR RIBEIRO,Deputado Estadual,5,150002541186
418,UP,80180,VITÓRIA OHARA MEIRELES DIAS,VITORIA OHARA,Deputado Estadual,5,150002540201
269,PSB,40190,VIVIANE VIEIRA DE SOUSA,TENENTE CORONEL VIVIANE,Deputado Estadual,5,150002544661
137,PDT,12777,WAGNER NASCIMENTO DE AQUINO,WAGNER NASCIMENTO,Deputado Estadual,5,150002551593
163,PL,22111,WALKIRIA BETANIA BAHIA DA ROCHA,WALKÍRIA ROCHA,Deputado Estadual,5,150002541207
342,REDE,1811,WALKIRIA LINS DE FIGUEIREDO FERREIRA,WALKÍRIA LINS,Deputal Federal,4,150002550477
166,PL,22190,WALLBER VIRGOLINO DA SILVA FERREIRA,WALLBER VIRGOLINO,Deputado Estadual,5,150002541191
329,PV,4300,WELLINGTON MÁXIMO DA SILVA,NINO DO RANGEL,Deputal Federal,4,150002544179
261,PSB,4050,WELLINGTON SILVA BARBOSA,SARGENTO WELLINGTON COBRA,Deputal Federal,4,150002544605
109,PDT,1213,WELLINGTON SILVA SOUSA,WELLINGTON SILVA SOUSA,Deputal Federal,4,150002552378
255,PSB,4011,WILLIAM HELMUT LUCENA GOMES,SARGENTO HELMUT,Deputal Federal,4,150002553601
264,PSB,40011,WIVIANE EUGENIA PAIVA,WIVIANE PAIVA,Deputado Estadual,5,150002544665
210,PP,1133,YASNAIA POLLYANNA WERTON DUTRA,POLLYANNA,Deputal Federal,4,150002549646
412,UP,80,YURI EZEQUIEL DE LIMA SILVA,YURI EZEQUIEL,Governador,2,150002540204
399,SOLIDARIEDADE,7733,ZALMA POLLYANA DANTAS BATISTA,POLLY DO ADOTA,Deputal Federal,4,150002549765